"Title","Venue","Category","Date","End Date","Start Time","End Time","Description"
"Aerobics","Fitness Centre - Sports street",1,10/28/2020,,3:00 PM,4:00 PM
"Birthday of Cathy","",2,11.11.2020,,12:00AM,11:59PM,"Buy flowers."
"Shopping","",1,11.14.2020,,9:00AM,1:00PM,"Afterwards dinner with Ann. (http://www.tripadvisor.com/Restaurants-g187147-c20-Paris_Ile_de_France.html)"
"Meeting with Steve","Steve's office",4,11.17.2020,,2:30PM,3:30PM
"Tele-working","Home",1,18-11-2020
"Holidays","Caribbean",7,11.21.2020,11.30.2020,12:00AM,11:59PM,"Send postcard to parents."
