"Title","Venue","Category","Date","End Date","Start Time","End Time","Description"
"Aerobics","Fitness Centre - Sports street",1,28-10-2020,,15:00
"Birthday of Cathy","",2,11-11-2020,,,,"Buy flowers. www.flowers.eu."
"Shopping","",1,14-11-2020,,09:00,13:00,"Afterwards dinner with Ann. (http://www.tripadvisor.com/Restaurants-g187147-c20-Paris_Ile_de_France.html)"
"Meeting with Steve","Steve's office",4,17-11-2020,,14:30:00,15:30:00
"Tele-working","Home",1,18-11-2020
"Holidays","Caribbean",7,21-11-2020,30-11-2020,,,"Send postcard to parents."
